sheet	from	to	formula
Acceleration	dm/s^2	dam/s^2
Acceleration	cm/s^2	dm/s^2
Acceleration	km/h/s	dm/s^2
Acceleration	dm/s^2	ft/s^2
Acceleration	cm/s^2	dam/s^2
Acceleration	km/h/s	dam/s^2
Acceleration	dm/s^2	cm/s^2
Acceleration	cm/s^2	ft/s^2
Acceleration	km/h/s	ft/s^2
Acceleration	dm/s^2	hm/s^2
Acceleration	cm/s^2	hm/s^2
Acceleration	km/h/s	cm/s^2
Acceleration	dm/s^2	in/s^2
Acceleration	cm/s^2	in/s^2
Acceleration	km/h/s	hm/s^2
Acceleration	dm/s^2	km/h/s
Acceleration	cm/s^2	km/h/s
Acceleration	km/h/s	in/s^2
Acceleration	dm/s^2	m/s^2
Acceleration	cm/s^2	m/s^2
Acceleration	km/h/s	m/s^2
Acceleration	dm/s^2	mph/s
Acceleration	cm/s^2	mph/s
Acceleration	km/h/s	mph/s
Acceleration	dam/s^2	dm/s^2
Acceleration	hm/s^2	dm/s^2
Acceleration	m/s^2	dm/s^2
Acceleration	dam/s^2	ft/s^2
Acceleration	hm/s^2	dam/s^2
Acceleration	m/s^2	dam/s^2
Acceleration	dam/s^2	cm/s^2
Acceleration	hm/s^2	ft/s^2
Acceleration	m/s^2	ft/s^2
Acceleration	dam/s^2	hm/s^2
Acceleration	hm/s^2	cm/s^2
Acceleration	m/s^2	cm/s^2
Acceleration	dam/s^2	in/s^2
Acceleration	hm/s^2	in/s^2
Acceleration	m/s^2	hm/s^2
Acceleration	dam/s^2	km/h/s
Acceleration	hm/s^2	km/h/s
Acceleration	m/s^2	in/s^2
Acceleration	dam/s^2	m/s^2
Acceleration	hm/s^2	m/s^2
Acceleration	m/s^2	km/h/s
Acceleration	dam/s^2	mph/s
Acceleration	hm/s^2	mph/s
Acceleration	m/s^2	mph/s
Acceleration	ft/s^2	dm/s^2
Acceleration	in/s^2	dm/s^2
Acceleration	mph/s	dm/s^2
Acceleration	ft/s^2	dam/s^2
Acceleration	in/s^2	dam/s^2
Acceleration	mph/s	dam/s^2
Acceleration	ft/s^2	cm/s^2
Acceleration	in/s^2	ft/s^2
Acceleration	mph/s	ft/s^2
Acceleration	ft/s^2	hm/s^2
Acceleration	in/s^2	cm/s^2
Acceleration	mph/s	cm/s^2
Acceleration	ft/s^2	in/s^2
Acceleration	in/s^2	hm/s^2
Acceleration	mph/s	hm/s^2
Acceleration	ft/s^2	km/h/s
Acceleration	in/s^2	km/h/s
Acceleration	mph/s	in/s^2
Acceleration	ft/s^2	m/s^2
Acceleration	in/s^2	m/s^2
Acceleration	mph/s	km/h/s
Acceleration	ft/s^2	mph/s
Acceleration	in/s^2	mph/s
Acceleration	mph/s	m/s^2
Area	ac	100m^2
Area	cent	ac
Area	ang^2	ac
Area	dm^2	ac
Area	ft^2	ac
Area	km^2	ac
Area	mcm^2	ac
Area	mm^2	ac
Area	ps^2	ac
Area	ac	b
Area	cent	100m^2
Area	ang^2	100m^2
Area	dm^2	100m^2
Area	ft^2	100m^2
Area	km^2	100m^2
Area	mcm^2	100m^2
Area	mm^2	100m^2
Area	ps^2	100m^2
Area	ac	cent
Area	cent	b
Area	ang^2	b
Area	dm^2	b
Area	ft^2	b
Area	km^2	b
Area	mcm^2	b
Area	mm^2	b
Area	ps^2	b
Area	ac	ha
Area	cent	ha
Area	ang^2	cent
Area	dm^2	cent
Area	ft^2	cent
Area	km^2	cent
Area	mcm^2	cent
Area	mm^2	cent
Area	ps^2	cent
Area	ac	p
Area	cent	p
Area	ang^2	ha
Area	dm^2	ha
Area	ft^2	ha
Area	km^2	ha
Area	mcm^2	ha
Area	mm^2	ha
Area	ps^2	ha
Area	ac	ang^2
Area	cent	ang^2
Area	ang^2	p
Area	dm^2	p
Area	ft^2	p
Area	km^2	p
Area	mcm^2	p
Area	mm^2	p
Area	ps^2	p
Area	ac	unit^2
Area	cent	unit^2
Area	ang^2	unit^2
Area	dm^2	ang^2
Area	ft^2	ang^2
Area	km^2	ang^2
Area	mcm^2	ang^2
Area	mm^2	ang^2
Area	ps^2	ang^2
Area	ac	cm^2
Area	cent	cm^2
Area	ang^2	cm^2
Area	dm^2	unit^2
Area	ft^2	unit^2
Area	km^2	unit^2
Area	mcm^2	unit^2
Area	mm^2	unit^2
Area	ps^2	unit^2
Area	ac	dm^2
Area	cent	dm^2
Area	ang^2	dm^2
Area	dm^2	cm^2
Area	ft^2	cm^2
Area	km^2	cm^2
Area	mcm^2	cm^2
Area	mm^2	cm^2
Area	ps^2	cm^2
Area	ac	dam^2
Area	cent	dam^2
Area	ang^2	dam^2
Area	dm^2	dam^2
Area	ft^2	dm^2
Area	km^2	dm^2
Area	mcm^2	dm^2
Area	mm^2	dm^2
Area	ps^2	dm^2
Area	ac	fm^2
Area	cent	fm^2
Area	ang^2	fm^2
Area	dm^2	fm^2
Area	ft^2	dam^2
Area	km^2	dam^2
Area	mcm^2	dam^2
Area	mm^2	dam^2
Area	ps^2	dam^2
Area	ac	ft^2
Area	cent	ft^2
Area	ang^2	ft^2
Area	dm^2	ft^2
Area	ft^2	fm^2
Area	km^2	fm^2
Area	mcm^2	fm^2
Area	mm^2	fm^2
Area	ps^2	fm^2
Area	ac	hm^2
Area	cent	hm^2
Area	ang^2	hm^2
Area	dm^2	hm^2
Area	ft^2	hm^2
Area	km^2	ft^2
Area	mcm^2	ft^2
Area	mm^2	ft^2
Area	ps^2	ft^2
Area	ac	in^2
Area	cent	in^2
Area	ang^2	in^2
Area	dm^2	in^2
Area	ft^2	in^2
Area	km^2	hm^2
Area	mcm^2	hm^2
Area	mm^2	hm^2
Area	ps^2	hm^2
Area	ac	km^2
Area	cent	km^2
Area	ang^2	km^2
Area	dm^2	km^2
Area	ft^2	km^2
Area	km^2	in^2
Area	mcm^2	in^2
Area	mm^2	in^2
Area	ps^2	in^2
Area	ac	ly^2
Area	cent	ly^2
Area	ang^2	ly^2
Area	dm^2	ly^2
Area	ft^2	ly^2
Area	km^2	ly^2
Area	mcm^2	km^2
Area	mm^2	km^2
Area	ps^2	km^2
Area	ac	m^2
Area	cent	m^2
Area	ang^2	m^2
Area	dm^2	m^2
Area	ft^2	m^2
Area	km^2	m^2
Area	mcm^2	ly^2
Area	mm^2	ly^2
Area	ps^2	ly^2
Area	ac	mcm^2
Area	cent	mcm^2
Area	ang^2	mcm^2
Area	dm^2	mcm^2
Area	ft^2	mcm^2
Area	km^2	mcm^2
Area	mcm^2	m^2
Area	mm^2	m^2
Area	ps^2	m^2
Area	ac	mic^2
Area	cent	mic^2
Area	ang^2	mic^2
Area	dm^2	mic^2
Area	ft^2	mic^2
Area	km^2	mic^2
Area	mcm^2	mic^2
Area	mm^2	mcm^2
Area	ps^2	mcm^2
Area	ac	mile^2
Area	cent	mile^2
Area	ang^2	mile^2
Area	dm^2	mile^2
Area	ft^2	mile^2
Area	km^2	mile^2
Area	mcm^2	mile^2
Area	mm^2	mic^2
Area	ps^2	mic^2
Area	ac	mm^2
Area	cent	mm^2
Area	ang^2	mm^2
Area	dm^2	mm^2
Area	ft^2	mm^2
Area	km^2	mm^2
Area	mcm^2	mm^2
Area	mm^2	mile^2
Area	ps^2	mile^2
Area	ac	mmic^2
Area	cent	mmic^2
Area	ang^2	mmic^2
Area	dm^2	mmic^2
Area	ft^2	mmic^2
Area	km^2	mmic^2
Area	mcm^2	mmic^2
Area	mm^2	mmic^2
Area	ps^2	mm^2
Area	ac	nm^2
Area	cent	nm^2
Area	ang^2	nm^2
Area	dm^2	nm^2
Area	ft^2	nm^2
Area	km^2	nm^2
Area	mcm^2	nm^2
Area	mm^2	nm^2
Area	ps^2	mmic^2
Area	ac	ps^2
Area	cent	ps^2
Area	ang^2	ps^2
Area	dm^2	ps^2
Area	ft^2	ps^2
Area	km^2	ps^2
Area	mcm^2	ps^2
Area	mm^2	ps^2
Area	ps^2	nm^2
Area	ac	rod^2
Area	cent	rod^2
Area	ang^2	rod^2
Area	dm^2	rod^2
Area	ft^2	rod^2
Area	km^2	rod^2
Area	mcm^2	rod^2
Area	mm^2	rod^2
Area	ps^2	rod^2
Area	ac	yd^2
Area	cent	yd^2
Area	ang^2	yd^2
Area	dm^2	yd^2
Area	ft^2	yd^2
Area	km^2	yd^2
Area	mcm^2	yd^2
Area	mm^2	yd^2
Area	ps^2	yd^2
Area	100m^2	ac
Area	ha	ac
Area	unit^2	ac
Area	dam^2	ac
Area	hm^2	ac
Area	ly^2	ac
Area	mic^2	ac
Area	mmic^2	ac
Area	rod^2	ac
Area	100m^2	b
Area	ha	100m^2
Area	unit^2	100m^2
Area	dam^2	100m^2
Area	hm^2	100m^2
Area	ly^2	100m^2
Area	mic^2	100m^2
Area	mmic^2	100m^2
Area	rod^2	100m^2
Area	100m^2	cent
Area	ha	b
Area	unit^2	b
Area	dam^2	b
Area	hm^2	b
Area	ly^2	b
Area	mic^2	b
Area	mmic^2	b
Area	rod^2	b
Area	100m^2	ha
Area	ha	cent
Area	unit^2	cent
Area	dam^2	cent
Area	hm^2	cent
Area	ly^2	cent
Area	mic^2	cent
Area	mmic^2	cent
Area	rod^2	cent
Area	100m^2	p
Area	ha	p
Area	unit^2	ha
Area	dam^2	ha
Area	hm^2	ha
Area	ly^2	ha
Area	mic^2	ha
Area	mmic^2	ha
Area	rod^2	ha
Area	100m^2	ang^2
Area	ha	ang^2
Area	unit^2	p
Area	dam^2	p
Area	hm^2	p
Area	ly^2	p
Area	mic^2	p
Area	mmic^2	p
Area	rod^2	p
Area	100m^2	unit^2
Area	ha	unit^2
Area	unit^2	ang^2
Area	dam^2	ang^2
Area	hm^2	ang^2
Area	ly^2	ang^2
Area	mic^2	ang^2
Area	mmic^2	ang^2
Area	rod^2	ang^2
Area	100m^2	cm^2
Area	ha	cm^2
Area	unit^2	cm^2
Area	dam^2	unit^2
Area	hm^2	unit^2
Area	ly^2	unit^2
Area	mic^2	unit^2
Area	mmic^2	unit^2
Area	rod^2	unit^2
Area	100m^2	dm^2
Area	ha	dm^2
Area	unit^2	dm^2
Area	dam^2	cm^2
Area	hm^2	cm^2
Area	ly^2	cm^2
Area	mic^2	cm^2
Area	mmic^2	cm^2
Area	rod^2	cm^2
Area	100m^2	dam^2
Area	ha	dam^2
Area	unit^2	dam^2
Area	dam^2	dm^2
Area	hm^2	dm^2
Area	ly^2	dm^2
Area	mic^2	dm^2
Area	mmic^2	dm^2
Area	rod^2	dm^2
Area	100m^2	fm^2
Area	ha	fm^2
Area	unit^2	fm^2
Area	dam^2	fm^2
Area	hm^2	dam^2
Area	ly^2	dam^2
Area	mic^2	dam^2
Area	mmic^2	dam^2
Area	rod^2	dam^2
Area	100m^2	ft^2
Area	ha	ft^2
Area	unit^2	ft^2
Area	dam^2	ft^2
Area	hm^2	fm^2
Area	ly^2	fm^2
Area	mic^2	fm^2
Area	mmic^2	fm^2
Area	rod^2	fm^2
Area	100m^2	hm^2
Area	ha	hm^2
Area	unit^2	hm^2
Area	dam^2	hm^2
Area	hm^2	ft^2
Area	ly^2	ft^2
Area	mic^2	ft^2
Area	mmic^2	ft^2
Area	rod^2	ft^2
Area	100m^2	in^2
Area	ha	in^2
Area	unit^2	in^2
Area	dam^2	in^2
Area	hm^2	in^2
Area	ly^2	hm^2
Area	mic^2	hm^2
Area	mmic^2	hm^2
Area	rod^2	hm^2
Area	100m^2	km^2
Area	ha	km^2
Area	unit^2	km^2
Area	dam^2	km^2
Area	hm^2	km^2
Area	ly^2	in^2
Area	mic^2	in^2
Area	mmic^2	in^2
Area	rod^2	in^2
Area	100m^2	ly^2
Area	ha	ly^2
Area	unit^2	ly^2
Area	dam^2	ly^2
Area	hm^2	ly^2
Area	ly^2	km^2
Area	mic^2	km^2
Area	mmic^2	km^2
Area	rod^2	km^2
Area	100m^2	m^2
Area	ha	m^2
Area	unit^2	m^2
Area	dam^2	m^2
Area	hm^2	m^2
Area	ly^2	m^2
Area	mic^2	ly^2
Area	mmic^2	ly^2
Area	rod^2	ly^2
Area	100m^2	mcm^2
Area	ha	mcm^2
Area	unit^2	mcm^2
Area	dam^2	mcm^2
Area	hm^2	mcm^2
Area	ly^2	mcm^2
Area	mic^2	m^2
Area	mmic^2	m^2
Area	rod^2	m^2
Area	100m^2	mic^2
Area	ha	mic^2
Area	unit^2	mic^2
Area	dam^2	mic^2
Area	hm^2	mic^2
Area	ly^2	mic^2
Area	mic^2	mcm^2
Area	mmic^2	mcm^2
Area	rod^2	mcm^2
Area	100m^2	mile^2
Area	ha	mile^2
Area	unit^2	mile^2
Area	dam^2	mile^2
Area	hm^2	mile^2
Area	ly^2	mile^2
Area	mic^2	mile^2
Area	mmic^2	mic^2
Area	rod^2	mic^2
Area	100m^2	mm^2
Area	ha	mm^2
Area	unit^2	mm^2
Area	dam^2	mm^2
Area	hm^2	mm^2
Area	ly^2	mm^2
Area	mic^2	mm^2
Area	mmic^2	mile^2
Area	rod^2	mile^2
Area	100m^2	mmic^2
Area	ha	mmic^2
Area	unit^2	mmic^2
Area	dam^2	mmic^2
Area	hm^2	mmic^2
Area	ly^2	mmic^2
Area	mic^2	mmic^2
Area	mmic^2	mm^2
Area	rod^2	mm^2
Area	100m^2	nm^2
Area	ha	nm^2
Area	unit^2	nm^2
Area	dam^2	nm^2
Area	hm^2	nm^2
Area	ly^2	nm^2
Area	mic^2	nm^2
Area	mmic^2	nm^2
Area	rod^2	mmic^2
Area	100m^2	ps^2
Area	ha	ps^2
Area	unit^2	ps^2
Area	dam^2	ps^2
Area	hm^2	ps^2
Area	ly^2	ps^2
Area	mic^2	ps^2
Area	mmic^2	ps^2
Area	rod^2	nm^2
Area	100m^2	rod^2
Area	ha	rod^2
Area	unit^2	rod^2
Area	dam^2	rod^2
Area	hm^2	rod^2
Area	ly^2	rod^2
Area	mic^2	rod^2
Area	mmic^2	rod^2
Area	rod^2	ps^2
Area	100m^2	yd^2
Area	ha	yd^2
Area	unit^2	yd^2
Area	dam^2	yd^2
Area	hm^2	yd^2
Area	ly^2	yd^2
Area	mic^2	yd^2
Area	mmic^2	yd^2
Area	rod^2	yd^2
Area	b	ac
Area	p	ac
Area	cm^2	ac
Area	fm^2	ac
Area	in^2	ac
Area	m^2	ac
Area	mile^2	ac
Area	nm^2	ac
Area	yd^2	ac
Area	b	100m^2
Area	p	100m^2
Area	cm^2	100m^2
Area	fm^2	100m^2
Area	in^2	100m^2
Area	m^2	100m^2
Area	mile^2	100m^2
Area	nm^2	100m^2
Area	yd^2	100m^2
Area	b	cent
Area	p	b
Area	cm^2	b
Area	fm^2	b
Area	in^2	b
Area	m^2	b
Area	mile^2	b
Area	nm^2	b
Area	yd^2	b
Area	b	ha
Area	p	cent
Area	cm^2	cent
Area	fm^2	cent
Area	in^2	cent
Area	m^2	cent
Area	mile^2	cent
Area	nm^2	cent
Area	yd^2	cent
Area	b	p
Area	p	ha
Area	cm^2	ha
Area	fm^2	ha
Area	in^2	ha
Area	m^2	ha
Area	mile^2	ha
Area	nm^2	ha
Area	yd^2	ha
Area	b	ang^2
Area	p	ang^2
Area	cm^2	p
Area	fm^2	p
Area	in^2	p
Area	m^2	p
Area	mile^2	p
Area	nm^2	p
Area	yd^2	p
Area	b	unit^2
Area	p	unit^2
Area	cm^2	ang^2
Area	fm^2	ang^2
Area	in^2	ang^2
Area	m^2	ang^2
Area	mile^2	ang^2
Area	nm^2	ang^2
Area	yd^2	ang^2
Area	b	cm^2
Area	p	cm^2
Area	cm^2	unit^2
Area	fm^2	unit^2
Area	in^2	unit^2
Area	m^2	unit^2
Area	mile^2	unit^2
Area	nm^2	unit^2
Area	yd^2	unit^2
Area	b	dm^2
Area	p	dm^2
Area	cm^2	dm^2
Area	fm^2	cm^2
Area	in^2	cm^2
Area	m^2	cm^2
Area	mile^2	cm^2
Area	nm^2	cm^2
Area	yd^2	cm^2
Area	b	dam^2
Area	p	dam^2
Area	cm^2	dam^2
Area	fm^2	dm^2
Area	in^2	dm^2
Area	m^2	dm^2
Area	mile^2	dm^2
Area	nm^2	dm^2
Area	yd^2	dm^2
Area	b	fm^2
Area	p	fm^2
Area	cm^2	fm^2
Area	fm^2	dam^2
Area	in^2	dam^2
Area	m^2	dam^2
Area	mile^2	dam^2
Area	nm^2	dam^2
Area	yd^2	dam^2
Area	b	ft^2
Area	p	ft^2
Area	cm^2	ft^2
Area	fm^2	ft^2
Area	in^2	fm^2
Area	m^2	fm^2
Area	mile^2	fm^2
Area	nm^2	fm^2
Area	yd^2	fm^2
Area	b	hm^2
Area	p	hm^2
Area	cm^2	hm^2
Area	fm^2	hm^2
Area	in^2	ft^2
Area	m^2	ft^2
Area	mile^2	ft^2
Area	nm^2	ft^2
Area	yd^2	ft^2
Area	b	in^2
Area	p	in^2
Area	cm^2	in^2
Area	fm^2	in^2
Area	in^2	hm^2
Area	m^2	hm^2
Area	mile^2	hm^2
Area	nm^2	hm^2
Area	yd^2	hm^2
Area	b	km^2
Area	p	km^2
Area	cm^2	km^2
Area	fm^2	km^2
Area	in^2	km^2
Area	m^2	in^2
Area	mile^2	in^2
Area	nm^2	in^2
Area	yd^2	in^2
Area	b	ly^2
Area	p	ly^2
Area	cm^2	ly^2
Area	fm^2	ly^2
Area	in^2	ly^2
Area	m^2	km^2
Area	mile^2	km^2
Area	nm^2	km^2
Area	yd^2	km^2
Area	b	m^2
Area	p	m^2
Area	cm^2	m^2
Area	fm^2	m^2
Area	in^2	m^2
Area	m^2	ly^2
Area	mile^2	ly^2
Area	nm^2	ly^2
Area	yd^2	ly^2
Area	b	mcm^2
Area	p	mcm^2
Area	cm^2	mcm^2
Area	fm^2	mcm^2
Area	in^2	mcm^2
Area	m^2	mcm^2
Area	mile^2	m^2
Area	nm^2	m^2
Area	yd^2	m^2
Area	b	mic^2
Area	p	mic^2
Area	cm^2	mic^2
Area	fm^2	mic^2
Area	in^2	mic^2
Area	m^2	mic^2
Area	mile^2	mcm^2
Area	nm^2	mcm^2
Area	yd^2	mcm^2
Area	b	mile^2
Area	p	mile^2
Area	cm^2	mile^2
Area	fm^2	mile^2
Area	in^2	mile^2
Area	m^2	mile^2
Area	mile^2	mic^2
Area	nm^2	mic^2
Area	yd^2	mic^2
Area	b	mm^2
Area	p	mm^2
Area	cm^2	mm^2
Area	fm^2	mm^2
Area	in^2	mm^2
Area	m^2	mm^2
Area	mile^2	mm^2
Area	nm^2	mile^2
Area	yd^2	mile^2
Area	b	mmic^2
Area	p	mmic^2
Area	cm^2	mmic^2
Area	fm^2	mmic^2
Area	in^2	mmic^2
Area	m^2	mmic^2
Area	mile^2	mmic^2
Area	nm^2	mm^2
Area	yd^2	mm^2
Area	b	nm^2
Area	p	nm^2
Area	cm^2	nm^2
Area	fm^2	nm^2
Area	in^2	nm^2
Area	m^2	nm^2
Area	mile^2	nm^2
Area	nm^2	mmic^2
Area	yd^2	mmic^2
Area	b	ps^2
Area	p	ps^2
Area	cm^2	ps^2
Area	fm^2	ps^2
Area	in^2	ps^2
Area	m^2	ps^2
Area	mile^2	ps^2
Area	nm^2	ps^2
Area	yd^2	nm^2
Area	b	rod^2
Area	p	rod^2
Area	cm^2	rod^2
Area	fm^2	rod^2
Area	in^2	rod^2
Area	m^2	rod^2
Area	mile^2	rod^2
Area	nm^2	rod^2
Area	yd^2	ps^2
Area	b	yd^2
Area	p	yd^2
Area	cm^2	yd^2
Area	fm^2	yd^2
Area	in^2	yd^2
Area	m^2	yd^2
Area	mile^2	yd^2
Area	nm^2	yd^2
Area	yd^2	rod^2
Data	Bit	Byte	Bit/8
Data	Gigabyte (GB)	Bit	(KB * 1024.0^3) * 8.0
Data	Bit	Kilobyte (KB)	1/1024.0
Data	Gigabyte (GB)	Byte	1024.0^3.0
Data	Bit	Megabyte (MB)	1/1024.0^2.0
Data	Gigabyte (GB)	Kilobyte (KB)	1024.0^2.0
Data	Bit	Gigabyte (GB)	1/1024.0^3.0
Data	Gigabyte (GB)	Megabyte (MB)	GB * 1024.0
Data	Bit	Terabyte (TB)	1/1024.0^4.0
Data	Gigabyte (GB)	Terabyte (TB)	GB/1024.0
Data	Bit	Petabyte (PB)	1/1024.0^5.0
Data	Gigabyte (GB)	Petabyte (PB)	1/1024.0^2.0
Data	Bit	Exabyte (EB)	1/1024.0^6.0
Data	Gigabyte (GB)	Exabyte (EB)	1/1024.0^3.0
Data	Byte	Bit	Byte * 8.0
Data	Terabyte (TB)	Bit	(KB * 1024.0^4) * 8.0
Data	Byte	Kilobyte (KB)	Byte/1024.0
Data	Terabyte (TB)	Byte	1024.0^4.0
Data	Byte	Megabyte (MB)	1/1024.0^2.0
Data	Terabyte (TB)	Kilobyte (KB)	1024.0^3.0
Data	Byte	Gigabyte (GB)	1/1024.0^3.0
Data	Terabyte (TB)	Megabyte (MB)	1024.0^2.0
Data	Byte	Terabyte (TB)	1/1024.0^4.0
Data	Terabyte (TB)	Gigabyte (GB)	TB * 1024.0
Data	Byte	Petabyte (PB)	1/1024.0^5.0
Data	Terabyte (TB)	Petabyte (PB)	TB/1024.0
Data	Byte	Exabyte (EB)	1/1024.0^6.0
Data	Terabyte (TB)	Exabyte (EB)	1/1024.0^2.0
Data	Kilobyte (KB)	Bit	(KB * 1024.0) * 8.0
Data	Petabyte (PB)	Bit	(KB * 1024.0^5) * 8.0
Data	Kilobyte (KB)	Byte	KB * 1024.0
Data	Petabyte (PB)	Byte	1024.0^5.0
Data	Kilobyte (KB)	Megabyte (MB)	KB/1024.0
Data	Petabyte (PB)	Kilobyte (KB)	1024.0^4.0
Data	Kilobyte (KB)	Gigabyte (GB)	1/1024.0^2.0
Data	Petabyte (PB)	Megabyte (MB)	1024.0^3.0
Data	Kilobyte (KB)	Terabyte (TB)	1/1024.0^3.0
Data	Petabyte (PB)	Gigabyte (GB)	1024.0^2.0
Data	Kilobyte (KB)	Petabyte (PB)	1/1024.0^4.0
Data	Petabyte (PB)	Terabyte (TB)	PB * 1024.0
Data	Kilobyte (KB)	Exabyte (EB)	1/1024.0^5.0
Data	Petabyte (PB)	Exabyte (EB)	PB/1024.0
Data	Megabyte (MB)	Bit	(KB * 1024.0^2) * 8.0
Data	Exabyte (EB)	Bit	(KB * 1024.0^6) * 8.0
Data	Megabyte (MB)	Byte	1024.0^2.0
Data	Exabyte (EB)	Byte	1024.0^6.0
Data	Megabyte (MB)	Kilobyte (KB)	MB * 1024.0
Data	Exabyte (EB)	Kilobyte (KB)	1024.0^5.0
Data	Megabyte (MB)	Gigabyte (GB)	MB/1024.0
Data	Exabyte (EB)	Megabyte (MB)	1024.0^4.0
Data	Megabyte (MB)	Terabyte (TB)	1/1024.0^2.0
Data	Exabyte (EB)	Gigabyte (GB)	1024.0^3.0
Data	Megabyte (MB)	Petabyte (PB)	1/1024.0^3.0
Data	Exabyte (EB)	Terabyte (TB)	1024.0^2.0
Data	Megabyte (MB)	Exabyte (EB)	1/1024.0^4.0
Data	Exabyte (EB)	Petabyte (PB)	EB * 1024.0
Energy	btu	(cal(nut))
Energy	eV	btu
Energy	J	btu
Energy	kW*h	btu
Energy	btu	(cal(th))
Energy	eV	(cal(nut))
Energy	J	(cal(nut))
Energy	kW*h	(cal(nut))
Energy	btu	eV
Energy	eV	(cal(th))
Energy	J	(cal(th))
Energy	kW*h	(cal(th))
Energy	btu	ft*lbf
Energy	eV	ft*lbf
Energy	J	eV
Energy	kW*h	eV
Energy	btu	GJ
Energy	eV	GJ
Energy	J	ft*lbf
Energy	kW*h	ft*lbf
Energy	btu	J
Energy	eV	J
Energy	J	GJ
Energy	kW*h	GJ
Energy	btu	kcal
Energy	eV	kcal
Energy	J	kcal
Energy	kW*h	J
Energy	btu	kJ
Energy	eV	kJ
Energy	J	kJ
Energy	kW*h	kcal
Energy	btu	kW*h
Energy	eV	kW*h
Energy	J	kW*h
Energy	kW*h	kJ
Energy	btu	MJ
Energy	eV	MJ
Energy	J	MJ
Energy	kW*h	MJ
Energy	btu	mJ
Energy	eV	mJ
Energy	J	mJ
Energy	kW*h	mJ
Energy	(cal(nut))	btu
Energy	ft*lbf	btu
Energy	kcal	btu
Energy	MJ	btu
Energy	(cal(nut))	(cal(th))
Energy	ft*lbf	(cal(nut))
Energy	kcal	(cal(nut))
Energy	MJ	(cal(nut))
Energy	(cal(nut))	eV
Energy	ft*lbf	(cal(th))
Energy	kcal	(cal(th))
Energy	MJ	(cal(th))
Energy	(cal(nut))	ft*lbf
Energy	ft*lbf	eV
Energy	kcal	eV
Energy	MJ	eV
Energy	(cal(nut))	GJ
Energy	ft*lbf	GJ
Energy	kcal	ft*lbf
Energy	MJ	ft*lbf
Energy	(cal(nut))	J
Energy	ft*lbf	J
Energy	kcal	GJ
Energy	MJ	GJ
Energy	(cal(nut))	kcal
Energy	ft*lbf	kcal
Energy	kcal	J
Energy	MJ	J
Energy	(cal(nut))	kJ
Energy	ft*lbf	kJ
Energy	kcal	kJ
Energy	MJ	kcal
Energy	(cal(nut))	kW*h
Energy	ft*lbf	kW*h
Energy	kcal	kW*h
Energy	MJ	kJ
Energy	(cal(nut))	MJ
Energy	ft*lbf	MJ
Energy	kcal	MJ
Energy	MJ	kW*h
Energy	(cal(nut))	mJ
Energy	ft*lbf	mJ
Energy	kcal	mJ
Energy	MJ	mJ
Energy	(cal(th))	btu
Energy	GJ	btu
Energy	kJ	btu
Energy	mJ	btu
Energy	(cal(th))	(cal(nut))
Energy	GJ	(cal(nut))
Energy	kJ	(cal(nut))
Energy	mJ	(cal(nut))
Energy	(cal(th))	eV
Energy	GJ	(cal(th))
Energy	kJ	(cal(th))
Energy	mJ	(cal(th))
Energy	(cal(th))	ft*lbf
Energy	GJ	eV
Energy	kJ	eV
Energy	mJ	eV
Energy	(cal(th))	GJ
Energy	GJ	ft*lbf
Energy	kJ	ft*lbf
Energy	mJ	ft*lbf
Energy	(cal(th))	J
Energy	GJ	J
Energy	kJ	GJ
Energy	mJ	GJ
Energy	(cal(th))	kcal
Energy	GJ	kcal
Energy	kJ	J
Energy	mJ	J
Energy	(cal(th))	kJ
Energy	GJ	kJ
Energy	kJ	kcal
Energy	mJ	kcal
Energy	(cal(th))	kW*h
Energy	GJ	kW*h
Energy	kJ	kW*h
Energy	mJ	kJ
Energy	(cal(th))	MJ
Energy	GJ	MJ
Energy	kJ	MJ
Energy	mJ	kW*h
Energy	(cal(th))	mJ
Energy	GJ	mJ
Energy	kJ	mJ
Energy	mJ	MJ
Fuel Economy	km/l	l/100km
Fuel Economy	km/l	l/km
Fuel Economy	km/l	mpg (US)
Fuel Economy	km/l	mpg (UK)
Fuel Economy	l/100km	km/l
Fuel Economy	l/100km	l/km
Fuel Economy	l/100km	mpg (US)
Fuel Economy	l/100km	mpg (UK)
Fuel Economy	l/km	km/l
Fuel Economy	l/km	l/100km
Fuel Economy	l/km	mpg (US)
Fuel Economy	l/km	mpg (UK)
Fuel Economy	mpg (US)	km/l
Fuel Economy	mpg (US)	l/100km
Fuel Economy	mpg (US)	l/km
Fuel Economy	mpg (US)	mpg (UK)
Fuel Economy	mpg (UK)	km/l
Fuel Economy	mpg (UK)	l/100km
Fuel Economy	mpg (UK)	l/km
Fuel Economy	mpg (UK)	mpg (US)
Length and Distance	cm	chain
Length and Distance	ft	cm
Length and Distance	km	cm
Length and Distance	mile	cm
Length and Distance	rod	cm
Length and Distance	cm	dm
Length and Distance	ft	chain
Length and Distance	km	chain
Length and Distance	mile	chain
Length and Distance	rod	chain
Length and Distance	cm	ft
Length and Distance	ft	dm
Length and Distance	km	dm
Length and Distance	mile	dm
Length and Distance	rod	dm
Length and Distance	cm	fur
Length and Distance	ft	fur
Length and Distance	km	ft
Length and Distance	mile	ft
Length and Distance	rod	ft
Length and Distance	cm	in
Length and Distance	ft	in
Length and Distance	km	fur
Length and Distance	mile	fur
Length and Distance	rod	fur
Length and Distance	cm	km
Length and Distance	ft	km
Length and Distance	km	in
Length and Distance	mile	in
Length and Distance	rod	in
Length and Distance	cm	league
Length and Distance	ft	league
Length and Distance	km	league
Length and Distance	mile	km
Length and Distance	rod	km
Length and Distance	cm	m
Length and Distance	ft	m
Length and Distance	km	m
Length and Distance	mile	league
Length and Distance	rod	league
Length and Distance	cm	mile
Length and Distance	ft	mile
Length and Distance	km	mile
Length and Distance	mile	m
Length and Distance	rod	m
Length and Distance	cm	mm
Length and Distance	ft	mm
Length and Distance	km	mm
Length and Distance	mile	mm
Length and Distance	rod	mile
Length and Distance	cm	nmi
Length and Distance	ft	nmi
Length and Distance	km	nmi
Length and Distance	mile	nmi
Length and Distance	rod	mm
Length and Distance	cm	rod
Length and Distance	ft	rod
Length and Distance	km	rod
Length and Distance	mile	rod
Length and Distance	rod	nmi
Length and Distance	cm	yard
Length and Distance	ft	yard
Length and Distance	km	yard
Length and Distance	mile	yard
Length and Distance	rod	yard
Length and Distance	chain	cm
Length and Distance	fur	cm
Length and Distance	league	cm
Length and Distance	mm	cm
Length and Distance	yard	cm
Length and Distance	chain	dm
Length and Distance	fur	chain
Length and Distance	league	chain
Length and Distance	mm	chain
Length and Distance	yard	chain
Length and Distance	chain	ft
Length and Distance	fur	dm
Length and Distance	league	dm
Length and Distance	mm	dm
Length and Distance	yard	dm
Length and Distance	chain	fur
Length and Distance	fur	ft
Length and Distance	league	ft
Length and Distance	mm	ft
Length and Distance	yard	ft
Length and Distance	chain	in
Length and Distance	fur	in
Length and Distance	league	fur
Length and Distance	mm	fur
Length and Distance	yard	fur
Length and Distance	chain	km
Length and Distance	fur	km
Length and Distance	league	in
Length and Distance	mm	in
Length and Distance	yard	in
Length and Distance	chain	league
Length and Distance	fur	league
Length and Distance	league	km
Length and Distance	mm	km
Length and Distance	yard	km
Length and Distance	chain	m
Length and Distance	fur	m
Length and Distance	league	m
Length and Distance	mm	league
Length and Distance	yard	league
Length and Distance	chain	mile
Length and Distance	fur	mile
Length and Distance	league	mile
Length and Distance	mm	m
Length and Distance	yard	m
Length and Distance	chain	mm
Length and Distance	fur	mm
Length and Distance	league	mm
Length and Distance	mm	mile
Length and Distance	yard	mile
Length and Distance	chain	nmi
Length and Distance	fur	nmi
Length and Distance	league	nmi
Length and Distance	mm	nmi
Length and Distance	yard	mm
Length and Distance	chain	rod
Length and Distance	fur	rod
Length and Distance	league	rod
Length and Distance	mm	rod
Length and Distance	yard	nmi
Length and Distance	chain	yard
Length and Distance	fur	yard
Length and Distance	league	yard
Length and Distance	mm	yard
Length and Distance	yard	rod
Length and Distance	dm	cm
Length and Distance	in	cm
Length and Distance	m	cm
Length and Distance	nmi	cm
Length and Distance	dm	chain
Length and Distance	in	chain
Length and Distance	m	chain
Length and Distance	nmi	chain
Length and Distance	dm	ft
Length and Distance	in	dm
Length and Distance	m	dm
Length and Distance	nmi	dm
Length and Distance	dm	fur
Length and Distance	in	ft
Length and Distance	m	ft
Length and Distance	nmi	ft
Length and Distance	dm	in
Length and Distance	in	fur
Length and Distance	m	fur
Length and Distance	nmi	fur
Length and Distance	dm	km
Length and Distance	in	km
Length and Distance	m	in
Length and Distance	nmi	in
Length and Distance	dm	league
Length and Distance	in	league
Length and Distance	m	km
Length and Distance	nmi	km
Length and Distance	dm	m
Length and Distance	in	m
Length and Distance	m	league
Length and Distance	nmi	league
Length and Distance	dm	mile
Length and Distance	in	mile
Length and Distance	m	mile
Length and Distance	nmi	m
Length and Distance	dm	mm
Length and Distance	in	mm
Length and Distance	m	mm
Length and Distance	nmi	mile
Length and Distance	dm	nmi
Length and Distance	in	nmi
Length and Distance	m	nmi
Length and Distance	nmi	mm
Length and Distance	dm	rod
Length and Distance	in	rod
Length and Distance	m	rod
Length and Distance	nmi	rod
Length and Distance	dm	yard
Length and Distance	in	yard
Length and Distance	m	yard
Length and Distance	nmi	yard
Mass and Weight	CM	cg
Mass and Weight	dag	CM
Mass and Weight	kg	CM
Mass and Weight	N	CM
Mass and Weight	stone	CM
Mass and Weight	ston	CM
Mass and Weight	CM	dg
Mass and Weight	dag	cg
Mass and Weight	kg	cg
Mass and Weight	N	cg
Mass and Weight	stone	cg
Mass and Weight	ston	cg
Mass and Weight	CM	dag
Mass and Weight	dag	dg
Mass and Weight	kg	dg
Mass and Weight	N	dg
Mass and Weight	stone	dg
Mass and Weight	ston	dg
Mass and Weight	CM	grn
Mass and Weight	dag	grn
Mass and Weight	kg	dag
Mass and Weight	N	dag
Mass and Weight	stone	dag
Mass and Weight	ston	dag
Mass and Weight	CM	gr
Mass and Weight	dag	gr
Mass and Weight	kg	grn
Mass and Weight	N	grn
Mass and Weight	stone	grn
Mass and Weight	ston	grn
Mass and Weight	CM	kg
Mass and Weight	dag	kg
Mass and Weight	kg	gr
Mass and Weight	N	gr
Mass and Weight	stone	gr
Mass and Weight	ston	gr
Mass and Weight	CM	mcg
Mass and Weight	dag	mcg
Mass and Weight	kg	mcg
Mass and Weight	N	kg
Mass and Weight	stone	kg
Mass and Weight	ston	kg
Mass and Weight	CM	mg
Mass and Weight	dag	mg
Mass and Weight	kg	mg
Mass and Weight	N	mcg
Mass and Weight	stone	mcg
Mass and Weight	ston	mcg
Mass and Weight	CM	N
Mass and Weight	dag	N
Mass and Weight	kg	N
Mass and Weight	N	mg
Mass and Weight	stone	mg
Mass and Weight	ston	mg
Mass and Weight	CM	oz
Mass and Weight	dag	oz
Mass and Weight	kg	oz
Mass and Weight	N	oz
Mass and Weight	stone	N
Mass and Weight	ston	N
Mass and Weight	CM	lb.
Mass and Weight	dag	lb.
Mass and Weight	kg	lb.
Mass and Weight	N	lb.
Mass and Weight	stone	oz
Mass and Weight	ston	oz
Mass and Weight	CM	stone
Mass and Weight	dag	stone
Mass and Weight	kg	stone
Mass and Weight	N	stone
Mass and Weight	stone	lb.
Mass and Weight	ston	lb.
Mass and Weight	CM	ton
Mass and Weight	dag	ton
Mass and Weight	kg	ton
Mass and Weight	N	ton
Mass and Weight	stone	ton
Mass and Weight	ston	stone
Mass and Weight	CM	lton
Mass and Weight	dag	lton
Mass and Weight	kg	lton
Mass and Weight	N	lton
Mass and Weight	stone	lton
Mass and Weight	ston	ton
Mass and Weight	CM	ston
Mass and Weight	dag	ston
Mass and Weight	kg	ston
Mass and Weight	N	ston
Mass and Weight	stone	ston
Mass and Weight	ston	lton
Mass and Weight	cg	CM
Mass and Weight	grn	CM
Mass and Weight	mcg	CM
Mass and Weight	oz	CM
Mass and Weight	ton	CM
Mass and Weight	cg	dg
Mass and Weight	grn	cg
Mass and Weight	mcg	cg
Mass and Weight	oz	cg
Mass and Weight	ton	cg
Mass and Weight	cg	dag
Mass and Weight	grn	dg
Mass and Weight	mcg	dg
Mass and Weight	oz	dg
Mass and Weight	ton	dg
Mass and Weight	cg	grn
Mass and Weight	grn	dag
Mass and Weight	mcg	dag
Mass and Weight	oz	dag
Mass and Weight	ton	dag
Mass and Weight	cg	gr
Mass and Weight	grn	gr
Mass and Weight	mcg	grn
Mass and Weight	oz	grn
Mass and Weight	ton	grn
Mass and Weight	cg	kg
Mass and Weight	grn	kg
Mass and Weight	mcg	gr
Mass and Weight	oz	gr
Mass and Weight	ton	gr
Mass and Weight	cg	mcg
Mass and Weight	grn	mcg
Mass and Weight	mcg	kg
Mass and Weight	oz	kg
Mass and Weight	ton	kg
Mass and Weight	cg	mg
Mass and Weight	grn	mg
Mass and Weight	mcg	mg
Mass and Weight	oz	mcg
Mass and Weight	ton	mcg
Mass and Weight	cg	N
Mass and Weight	grn	N
Mass and Weight	mcg	N
Mass and Weight	oz	mg
Mass and Weight	ton	mg
Mass and Weight	cg	oz
Mass and Weight	grn	oz
Mass and Weight	mcg	oz
Mass and Weight	oz	N
Mass and Weight	ton	N
Mass and Weight	cg	lb.
Mass and Weight	grn	lb.
Mass and Weight	mcg	lb.
Mass and Weight	oz	lb.
Mass and Weight	ton	oz
Mass and Weight	cg	stone
Mass and Weight	grn	stone
Mass and Weight	mcg	stone
Mass and Weight	oz	stone
Mass and Weight	ton	lb.
Mass and Weight	cg	ton
Mass and Weight	grn	ton
Mass and Weight	mcg	ton
Mass and Weight	oz	ton
Mass and Weight	ton	stone
Mass and Weight	cg	lton
Mass and Weight	grn	lton
Mass and Weight	mcg	lton
Mass and Weight	oz	lton
Mass and Weight	ton	lton
Mass and Weight	cg	ston
Mass and Weight	grn	ston
Mass and Weight	mcg	ston
Mass and Weight	oz	ston
Mass and Weight	ton	ston
Mass and Weight	dg	CM
Mass and Weight	gr	CM
Mass and Weight	mg	CM
Mass and Weight	lb.	CM
Mass and Weight	lton	CM
Mass and Weight	dg	cg
Mass and Weight	gr	cg
Mass and Weight	mg	cg
Mass and Weight	lb.	cg
Mass and Weight	lton	cg
Mass and Weight	dg	dag
Mass and Weight	gr	dg
Mass and Weight	mg	dg
Mass and Weight	lb.	dg
Mass and Weight	lton	dg
Mass and Weight	dg	grn
Mass and Weight	gr	dag
Mass and Weight	mg	dag
Mass and Weight	lb.	dag
Mass and Weight	lton	dag
Mass and Weight	dg	gr
Mass and Weight	gr	grn
Mass and Weight	mg	grn
Mass and Weight	lb.	grn
Mass and Weight	lton	grn
Mass and Weight	dg	kg
Mass and Weight	gr	kg
Mass and Weight	mg	gr
Mass and Weight	lb.	gr
Mass and Weight	lton	gr
Mass and Weight	dg	mcg
Mass and Weight	gr	mcg
Mass and Weight	mg	kg
Mass and Weight	lb.	kg
Mass and Weight	lton	kg
Mass and Weight	dg	mg
Mass and Weight	gr	mg
Mass and Weight	mg	mcg
Mass and Weight	lb.	mcg
Mass and Weight	lton	mcg
Mass and Weight	dg	N
Mass and Weight	gr	N
Mass and Weight	mg	N
Mass and Weight	lb.	mg
Mass and Weight	lton	mg
Mass and Weight	dg	oz
Mass and Weight	gr	oz
Mass and Weight	mg	oz
Mass and Weight	lb.	N
Mass and Weight	lton	N
Mass and Weight	dg	lb.
Mass and Weight	gr	lb.
Mass and Weight	mg	lb.
Mass and Weight	lb.	oz
Mass and Weight	lton	oz
Mass and Weight	dg	stone
Mass and Weight	gr	stone
Mass and Weight	mg	stone
Mass and Weight	lb.	stone
Mass and Weight	lton	lb.
Mass and Weight	dg	ton
Mass and Weight	gr	ton
Mass and Weight	mg	ton
Mass and Weight	lb.	ton
Mass and Weight	lton	stone
Mass and Weight	dg	lton
Mass and Weight	gr	lton
Mass and Weight	mg	lton
Mass and Weight	lb.	lton
Mass and Weight	lton	ton
Mass and Weight	dg	ston
Mass and Weight	gr	ston
Mass and Weight	mg	ston
Mass and Weight	lb.	ston
Mass and Weight	lton	ston
Power	btu/h	hp(metric)
Power	btu/h	kW
Power	btu/h	ton/ref
Power	btu/h	W
Power	hp(metric)	btu/h
Power	hp(metric)	kW
Power	hp(metric)	ton/ref
Power	hp(metric)	W
Power	kW	btu/h
Power	kW	hp(metric)
Power	kW	ton/ref
Power	kW	W
Power	ton/ref	btu/h
Power	ton/ref	hp(metric)
Power	ton/ref	kW
Power	ton/ref	W
Power	W	btu/h
Power	W	hp(metric)
Power	W	kW
Power	W	ton/ref
Pressure	atm	bar
Pressure	Epa	atm
Pressure	hPa	atm
Pressure	kg/cm^2	atm
Pressure	Mpa	atm
Pressure	mmHg	atm
Pressure	N/m^2	atm
Pressure	Ppa	atm
Pressure	psi	atm
Pressure	Torr	atm
Pressure	atm	Epa
Pressure	Epa	bar
Pressure	hPa	bar
Pressure	kg/cm^2	bar
Pressure	Mpa	bar
Pressure	mmHg	bar
Pressure	N/m^2	bar
Pressure	Ppa	bar
Pressure	psi	bar
Pressure	Torr	bar
Pressure	atm	Gpa
Pressure	Epa	Gpa
Pressure	hPa	Epa
Pressure	kg/cm^2	Epa
Pressure	Mpa	Epa
Pressure	mmHg	Epa
Pressure	N/m^2	Epa
Pressure	Ppa	Epa
Pressure	psi	Epa
Pressure	Torr	Epa
Pressure	atm	hPa
Pressure	Epa	hPa
Pressure	hPa	Gpa
Pressure	kg/cm^2	Gpa
Pressure	Mpa	Gpa
Pressure	mmHg	Gpa
Pressure	N/m^2	Gpa
Pressure	Ppa	Gpa
Pressure	psi	Gpa
Pressure	Torr	Gpa
Pressure	atm	inHg
Pressure	Epa	inHg
Pressure	hPa	inHg
Pressure	kg/cm^2	hPa
Pressure	Mpa	hPa
Pressure	mmHg	hPa
Pressure	N/m^2	hPa
Pressure	Ppa	hPa
Pressure	psi	hPa
Pressure	Torr	hPa
Pressure	atm	kg/cm^2
Pressure	Epa	kg/cm^2
Pressure	hPa	kg/cm^2
Pressure	kg/cm^2	inHg
Pressure	Mpa	inHg
Pressure	mmHg	inHg
Pressure	N/m^2	inHg
Pressure	Ppa	inHg
Pressure	psi	inHg
Pressure	Torr	inHg
Pressure	atm	Kpa
Pressure	Epa	Kpa
Pressure	hPa	Kpa
Pressure	kg/cm^2	Kpa
Pressure	Mpa	kg/cm^2
Pressure	mmHg	kg/cm^2
Pressure	N/m^2	kg/cm^2
Pressure	Ppa	kg/cm^2
Pressure	psi	kg/cm^2
Pressure	Torr	kg/cm^2
Pressure	atm	Mpa
Pressure	Epa	Mpa
Pressure	hPa	Mpa
Pressure	kg/cm^2	Mpa
Pressure	Mpa	Kpa
Pressure	mmHg	Kpa
Pressure	N/m^2	Kpa
Pressure	Ppa	Kpa
Pressure	psi	Kpa
Pressure	Torr	Kpa
Pressure	atm	mbar
Pressure	Epa	mbar
Pressure	hPa	mbar
Pressure	kg/cm^2	mbar
Pressure	Mpa	mbar
Pressure	mmHg	Mpa
Pressure	N/m^2	Mpa
Pressure	Ppa	Mpa
Pressure	psi	Mpa
Pressure	Torr	Mpa
Pressure	atm	mmHg
Pressure	Epa	mmHg
Pressure	hPa	mmHg
Pressure	kg/cm^2	mmHg
Pressure	Mpa	mmHg
Pressure	mmHg	mbar
Pressure	N/m^2	mbar
Pressure	Ppa	mbar
Pressure	psi	mbar
Pressure	Torr	mbar
Pressure	atm	N/cm^2
Pressure	Epa	N/cm^2
Pressure	hPa	N/cm^2
Pressure	kg/cm^2	N/cm^2
Pressure	Mpa	N/cm^2
Pressure	mmHg	N/cm^2
Pressure	N/m^2	mmHg
Pressure	Ppa	mmHg
Pressure	psi	mmHg
Pressure	Torr	mmHg
Pressure	atm	N/m^2
Pressure	Epa	N/m^2
Pressure	hPa	N/m^2
Pressure	kg/cm^2	N/m^2
Pressure	Mpa	N/m^2
Pressure	mmHg	N/m^2
Pressure	N/m^2	N/cm^2
Pressure	Ppa	N/cm^2
Pressure	psi	N/cm^2
Pressure	Torr	N/cm^2
Pressure	atm	Pa
Pressure	Epa	Pa
Pressure	hPa	Pa
Pressure	kg/cm^2	Pa
Pressure	Mpa	Pa
Pressure	mmHg	Pa
Pressure	N/m^2	Pa
Pressure	Ppa	N/m^2
Pressure	psi	N/m^2
Pressure	Torr	N/m^2
Pressure	atm	Ppa
Pressure	Epa	Ppa
Pressure	hPa	Ppa
Pressure	kg/cm^2	Ppa
Pressure	Mpa	Ppa
Pressure	mmHg	Ppa
Pressure	N/m^2	Ppa
Pressure	Ppa	Pa
Pressure	psi	Pa
Pressure	Torr	Pa
Pressure	atm	psf
Pressure	Epa	psf
Pressure	hPa	psf
Pressure	kg/cm^2	psf
Pressure	Mpa	psf
Pressure	mmHg	psf
Pressure	N/m^2	psf
Pressure	Ppa	psf
Pressure	psi	Ppa
Pressure	Torr	Ppa
Pressure	atm	psi
Pressure	Epa	psi
Pressure	hPa	psi
Pressure	kg/cm^2	psi
Pressure	Mpa	psi
Pressure	mmHg	psi
Pressure	N/m^2	psi
Pressure	Ppa	psi
Pressure	psi	psf
Pressure	Torr	psf
Pressure	atm	Tpa
Pressure	Epa	Tpa
Pressure	hPa	Tpa
Pressure	kg/cm^2	Tpa
Pressure	Mpa	Tpa
Pressure	mmHg	Tpa
Pressure	N/m^2	Tpa
Pressure	Ppa	Tpa
Pressure	psi	Tpa
Pressure	Torr	psi
Pressure	atm	Torr
Pressure	Epa	Torr
Pressure	hPa	Torr
Pressure	kg/cm^2	Torr
Pressure	Mpa	Torr
Pressure	mmHg	Torr
Pressure	N/m^2	Torr
Pressure	Ppa	Torr
Pressure	psi	Torr
Pressure	Torr	Tpa
Pressure	bar	atm
Pressure	Gpa	atm
Pressure	inHg	atm
Pressure	Kpa	atm
Pressure	mbar	atm
Pressure	N/cm^2	atm
Pressure	Pa	atm
Pressure	psf	atm
Pressure	Tpa	atm
Pressure	bar	Epa
Pressure	Gpa	bar
Pressure	inHg	bar
Pressure	Kpa	bar
Pressure	mbar	bar
Pressure	N/cm^2	bar
Pressure	Pa	bar
Pressure	psf	bar
Pressure	Tpa	bar
Pressure	bar	Gpa
Pressure	Gpa	Epa
Pressure	inHg	Epa
Pressure	Kpa	Epa
Pressure	mbar	Epa
Pressure	N/cm^2	Epa
Pressure	Pa	Epa
Pressure	psf	Epa
Pressure	Tpa	Epa
Pressure	bar	hPa
Pressure	Gpa	hPa
Pressure	inHg	Gpa
Pressure	Kpa	Gpa
Pressure	mbar	Gpa
Pressure	N/cm^2	Gpa
Pressure	Pa	Gpa
Pressure	psf	Gpa
Pressure	Tpa	Gpa
Pressure	bar	inHg
Pressure	Gpa	inHg
Pressure	inHg	hPa
Pressure	Kpa	hPa
Pressure	mbar	hPa
Pressure	N/cm^2	hPa
Pressure	Pa	hPa
Pressure	psf	hPa
Pressure	Tpa	hPa
Pressure	bar	kg/cm^2
Pressure	Gpa	kg/cm^2
Pressure	inHg	kg/cm^2
Pressure	Kpa	inHg
Pressure	mbar	inHg
Pressure	N/cm^2	inHg
Pressure	Pa	inHg
Pressure	psf	inHg
Pressure	Tpa	inHg
Pressure	bar	Kpa
Pressure	Gpa	Kpa
Pressure	inHg	Kpa
Pressure	Kpa	kg/cm^2
Pressure	mbar	kg/cm^2
Pressure	N/cm^2	kg/cm^2
Pressure	Pa	kg/cm^2
Pressure	psf	kg/cm^2
Pressure	Tpa	kg/cm^2
Pressure	bar	Mpa
Pressure	Gpa	Mpa
Pressure	inHg	Mpa
Pressure	Kpa	Mpa
Pressure	mbar	Kpa
Pressure	N/cm^2	Kpa
Pressure	Pa	Kpa
Pressure	psf	Kpa
Pressure	Tpa	Kpa
Pressure	bar	mbar
Pressure	Gpa	mbar
Pressure	inHg	mbar
Pressure	Kpa	mbar
Pressure	mbar	Mpa
Pressure	N/cm^2	Mpa
Pressure	Pa	Mpa
Pressure	psf	Mpa
Pressure	Tpa	Mpa
Pressure	bar	mmHg
Pressure	Gpa	mmHg
Pressure	inHg	mmHg
Pressure	Kpa	mmHg
Pressure	mbar	mmHg
Pressure	N/cm^2	mbar
Pressure	Pa	mbar
Pressure	psf	mbar
Pressure	Tpa	mbar
Pressure	bar	N/cm^2
Pressure	Gpa	N/cm^2
Pressure	inHg	N/cm^2
Pressure	Kpa	N/cm^2
Pressure	mbar	N/cm^2
Pressure	N/cm^2	mmHg
Pressure	Pa	mmHg
Pressure	psf	mmHg
Pressure	Tpa	mmHg
Pressure	bar	N/m^2
Pressure	Gpa	N/m^2
Pressure	inHg	N/m^2
Pressure	Kpa	N/m^2
Pressure	mbar	N/m^2
Pressure	N/cm^2	N/m^2
Pressure	Pa	N/cm^2
Pressure	psf	N/cm^2
Pressure	Tpa	N/cm^2
Pressure	bar	Pa
Pressure	Gpa	Pa
Pressure	inHg	Pa
Pressure	Kpa	Pa
Pressure	mbar	Pa
Pressure	N/cm^2	Pa
Pressure	Pa	N/m^2
Pressure	psf	N/m^2
Pressure	Tpa	N/m^2
Pressure	bar	Ppa
Pressure	Gpa	Ppa
Pressure	inHg	Ppa
Pressure	Kpa	Ppa
Pressure	mbar	Ppa
Pressure	N/cm^2	Ppa
Pressure	Pa	Ppa
Pressure	psf	Pa
Pressure	Tpa	Pa
Pressure	bar	psf
Pressure	Gpa	psf
Pressure	inHg	psf
Pressure	Kpa	psf
Pressure	mbar	psf
Pressure	N/cm^2	psf
Pressure	Pa	psf
Pressure	psf	Ppa
Pressure	Tpa	Ppa
Pressure	bar	psi
Pressure	Gpa	psi
Pressure	inHg	psi
Pressure	Kpa	psi
Pressure	mbar	psi
Pressure	N/cm^2	psi
Pressure	Pa	psi
Pressure	psf	psi
Pressure	Tpa	psf
Pressure	bar	Tpa
Pressure	Gpa	Tpa
Pressure	inHg	Tpa
Pressure	Kpa	Tpa
Pressure	mbar	Tpa
Pressure	N/cm^2	Tpa
Pressure	Pa	Tpa
Pressure	psf	Tpa
Pressure	Tpa	psi
Pressure	bar	Torr
Pressure	Gpa	Torr
Pressure	inHg	Torr
Pressure	Kpa	Torr
Pressure	mbar	Torr
Pressure	N/cm^2	Torr
Pressure	Pa	Torr
Pressure	psf	Torr
Pressure	Tpa	Torr
Temperature	°c	°f	F = (C * 9.0 / 5.0) + 32.0
Temperature	°c	k	K = C + 273.15
Temperature	°c	°Ra	R = (C + 273.15) * 9.0 / 5.0
Temperature	°f	°c	C = (F - 32.0) * 5.0 / 9.0
Temperature	°f	k	K = (F + 459.67) * 5.0 / 9.0
Temperature	°f	°Ra	R = F + 459.67
Temperature	k	°c	C = K - 273.15
Temperature	k	°f	F = K * 9.0 / 5.0 - 459.67
Temperature	k	°Ra	R = K * 9.0 / 5.0
Temperature	°Ra	°c	C = (R - 491.67) * 5.0 / 9.0
Temperature	°Ra	°f	F = R - 459.67
Temperature	°Ra	k	K = R * 5.0 / 9.0
Time	as	y
Time	dy	as
Time	hr.	as
Time	ms	as
Time	ns	as
Time	shk	as
Time	as	c
Time	dy	y
Time	hr.	y
Time	ms	y
Time	ns	y
Time	shk	y
Time	as	dy
Time	dy	c
Time	hr.	c
Time	ms	c
Time	ns	c
Time	shk	c
Time	as	dec
Time	dy	dec
Time	hr.	dy
Time	ms	dy
Time	ns	dy
Time	shk	dy
Time	as	fs
Time	dy	fs
Time	hr.	dec
Time	ms	dec
Time	ns	dec
Time	shk	dec
Time	as	hr.
Time	dy	hr.
Time	hr.	fs
Time	ms	fs
Time	ns	fs
Time	shk	fs
Time	as	µm
Time	dy	µm
Time	hr.	µm
Time	ms	hr.
Time	ns	hr.
Time	shk	hr.
Time	as	m
Time	dy	m
Time	hr.	m
Time	ms	µm
Time	ns	µm
Time	shk	µm
Time	as	ms
Time	dy	ms
Time	hr.	ms
Time	ms	m
Time	ns	m
Time	shk	m
Time	as	min
Time	dy	min
Time	hr.	min
Time	ms	min
Time	ns	ms
Time	shk	ms
Time	as	mo.
Time	dy	mo.
Time	hr.	mo.
Time	ms	mo.
Time	ns	min
Time	shk	min
Time	as	ns
Time	dy	ns
Time	hr.	ns
Time	ms	ns
Time	ns	mo.
Time	shk	mo.
Time	as	ps
Time	dy	ps
Time	hr.	ps
Time	ms	ps
Time	ns	ps
Time	shk	ns
Time	as	sec
Time	dy	sec
Time	hr.	sec
Time	ms	sec
Time	ns	sec
Time	shk	ps
Time	as	shk
Time	dy	shk
Time	hr.	shk
Time	ms	shk
Time	ns	shk
Time	shk	sec
Time	as	wk.
Time	dy	wk.
Time	hr.	wk.
Time	ms	wk.
Time	ns	wk.
Time	shk	wk.
Time	y	as
Time	dec	as
Time	µm	as
Time	min	as
Time	ps	as
Time	wk.	as
Time	y	c
Time	dec	y
Time	µm	y
Time	min	y
Time	ps	y
Time	wk.	y
Time	y	dy
Time	dec	c
Time	µm	c
Time	min	c
Time	ps	c
Time	wk.	c
Time	y	dec
Time	dec	dy
Time	µm	dy
Time	min	dy
Time	ps	dy
Time	wk.	dy
Time	y	fs
Time	dec	fs
Time	µm	dec
Time	min	dec
Time	ps	dec
Time	wk.	dec
Time	y	hr.
Time	dec	hr.
Time	µm	fs
Time	min	fs
Time	ps	fs
Time	wk.	fs
Time	y	µm
Time	dec	µm
Time	µm	hr.
Time	min	hr.
Time	ps	hr.
Time	wk.	hr.
Time	y	m
Time	dec	m
Time	µm	m
Time	min	µm
Time	ps	µm
Time	wk.	µm
Time	y	ms
Time	dec	ms
Time	µm	ms
Time	min	m
Time	ps	m
Time	wk.	m
Time	y	min
Time	dec	min
Time	µm	min
Time	min	ms
Time	ps	ms
Time	wk.	ms
Time	y	mo.
Time	dec	mo.
Time	µm	mo.
Time	min	mo.
Time	ps	min
Time	wk.	min
Time	y	ns
Time	dec	ns
Time	µm	ns
Time	min	ns
Time	ps	mo.
Time	wk.	mo.
Time	y	ps
Time	dec	ps
Time	µm	ps
Time	min	ps
Time	ps	ns
Time	wk.	ns
Time	y	sec
Time	dec	sec
Time	µm	sec
Time	min	sec
Time	ps	sec
Time	wk.	ps
Time	y	shk
Time	dec	shk
Time	µm	shk
Time	min	shk
Time	ps	shk
Time	wk.	sec
Time	y	wk.
Time	dec	wk.
Time	µm	wk.
Time	min	wk.
Time	ps	wk.
Time	wk.	shk
Time	c	as
Time	fs	as
Time	m	as
Time	mo.	as
Time	sec	as
Time	c	y
Time	fs	y
Time	m	y
Time	mo.	y
Time	sec	y
Time	c	dy
Time	fs	c
Time	m	c
Time	mo.	c
Time	sec	c
Time	c	dec
Time	fs	dy
Time	m	dy
Time	mo.	dy
Time	sec	dy
Time	c	fs
Time	fs	dec
Time	m	dec
Time	mo.	dec
Time	sec	dec
Time	c	hr.
Time	fs	hr.
Time	m	fs
Time	mo.	fs
Time	sec	fs
Time	c	µm
Time	fs	µm
Time	m	hr.
Time	mo.	hr.
Time	sec	hr.
Time	c	m
Time	fs	m
Time	m	µm
Time	mo.	µm
Time	sec	µm
Time	c	ms
Time	fs	ms
Time	m	ms
Time	mo.	m
Time	sec	m
Time	c	min
Time	fs	min
Time	m	min
Time	mo.	ms
Time	sec	ms
Time	c	mo.
Time	fs	mo.
Time	m	mo.
Time	mo.	min
Time	sec	min
Time	c	ns
Time	fs	ns
Time	m	ns
Time	mo.	ns
Time	sec	mo.
Time	c	ps
Time	fs	ps
Time	m	ps
Time	mo.	ps
Time	sec	ns
Time	c	sec
Time	fs	sec
Time	m	sec
Time	mo.	sec
Time	sec	ps
Time	c	shk
Time	fs	shk
Time	m	shk
Time	mo.	shk
Time	sec	shk
Time	c	wk.
Time	fs	wk.
Time	m	wk.
Time	mo.	wk.
Time	sec	wk.
Velocity and Speed	cm/h	cm/min
Velocity and Speed	ft/h	cm/h
Velocity and Speed	km/h	cm/h
Velocity and Speed	kt	cm/h
Velocity and Speed	m/min	cm/h
Velocity and Speed	c(v)	cm/h
Velocity and Speed	cm/h	cm/s
Velocity and Speed	ft/h	cm/min
Velocity and Speed	km/h	cm/min
Velocity and Speed	kt	cm/min
Velocity and Speed	m/min	cm/min
Velocity and Speed	c(v)	cm/min
Velocity and Speed	cm/h	ft/h
Velocity and Speed	ft/h	cm/s
Velocity and Speed	km/h	cm/s
Velocity and Speed	kt	cm/s
Velocity and Speed	m/min	cm/s
Velocity and Speed	c(v)	cm/s
Velocity and Speed	cm/h	ft/min
Velocity and Speed	ft/h	ft/min
Velocity and Speed	km/h	ft/h
Velocity and Speed	kt	ft/h
Velocity and Speed	m/min	ft/h
Velocity and Speed	c(v)	ft/h
Velocity and Speed	cm/h	ft/s
Velocity and Speed	ft/h	ft/s
Velocity and Speed	km/h	ft/min
Velocity and Speed	kt	ft/min
Velocity and Speed	m/min	ft/min
Velocity and Speed	c(v)	ft/min
Velocity and Speed	cm/h	km/h
Velocity and Speed	ft/h	km/h
Velocity and Speed	km/h	ft/s
Velocity and Speed	kt	ft/s
Velocity and Speed	m/min	ft/s
Velocity and Speed	c(v)	ft/s
Velocity and Speed	cm/h	km/s
Velocity and Speed	ft/h	km/s
Velocity and Speed	km/h	km/s
Velocity and Speed	kt	km/h
Velocity and Speed	m/min	km/h
Velocity and Speed	c(v)	km/h
Velocity and Speed	cm/h	knot
Velocity and Speed	ft/h	knot
Velocity and Speed	km/h	knot
Velocity and Speed	kt	km/s
Velocity and Speed	m/min	km/s
Velocity and Speed	c(v)	km/s
Velocity and Speed	cm/h	kt
Velocity and Speed	ft/h	kt
Velocity and Speed	km/h	kt
Velocity and Speed	kt	knot
Velocity and Speed	m/min	knot
Velocity and Speed	c(v)	knot
Velocity and Speed	cm/h	kn
Velocity and Speed	ft/h	kn
Velocity and Speed	km/h	kn
Velocity and Speed	kt	kn
Velocity and Speed	m/min	kt
Velocity and Speed	c(v)	kt
Velocity and Speed	cm/h	m/h
Velocity and Speed	ft/h	m/h
Velocity and Speed	km/h	m/h
Velocity and Speed	kt	m/h
Velocity and Speed	m/min	kn
Velocity and Speed	c(v)	kn
Velocity and Speed	cm/h	m/min
Velocity and Speed	ft/h	m/min
Velocity and Speed	km/h	m/min
Velocity and Speed	kt	m/min
Velocity and Speed	m/min	m/h
Velocity and Speed	c(v)	m/h
Velocity and Speed	cm/h	m/s
Velocity and Speed	ft/h	m/s
Velocity and Speed	km/h	m/s
Velocity and Speed	kt	m/s
Velocity and Speed	m/min	m/s
Velocity and Speed	c(v)	m/min
Velocity and Speed	cm/h	mph
Velocity and Speed	ft/h	mph
Velocity and Speed	km/h	mph
Velocity and Speed	kt	mph
Velocity and Speed	m/min	mph
Velocity and Speed	c(v)	m/s
Velocity and Speed	cm/h	c(v)
Velocity and Speed	ft/h	c(v)
Velocity and Speed	km/h	c(v)
Velocity and Speed	kt	c(v)
Velocity and Speed	m/min	c(v)
Velocity and Speed	c(v)	mph
Velocity and Speed	cm/h	Mach(a)
Velocity and Speed	ft/h	Mach(a)
Velocity and Speed	km/h	Mach(a)
Velocity and Speed	kt	Mach(a)
Velocity and Speed	m/min	Mach(a)
Velocity and Speed	c(v)	Mach(a)
Velocity and Speed	cm/h	Mach(w)
Velocity and Speed	ft/h	Mach(w)
Velocity and Speed	km/h	Mach(w)
Velocity and Speed	kt	Mach(w)
Velocity and Speed	m/min	Mach(w)
Velocity and Speed	c(v)	Mach(w)
Velocity and Speed	cm/min	cm/h
Velocity and Speed	ft/min	cm/h
Velocity and Speed	km/s	cm/h
Velocity and Speed	kn	cm/h
Velocity and Speed	m/s	cm/h
Velocity and Speed	Mach(a)	cm/h
Velocity and Speed	cm/min	cm/s
Velocity and Speed	ft/min	cm/min
Velocity and Speed	km/s	cm/min
Velocity and Speed	kn	cm/min
Velocity and Speed	m/s	cm/min
Velocity and Speed	Mach(a)	cm/min
Velocity and Speed	cm/min	ft/h
Velocity and Speed	ft/min	cm/s
Velocity and Speed	km/s	cm/s
Velocity and Speed	kn	cm/s
Velocity and Speed	m/s	cm/s
Velocity and Speed	Mach(a)	cm/s
Velocity and Speed	cm/min	ft/min
Velocity and Speed	ft/min	ft/h
Velocity and Speed	km/s	ft/h
Velocity and Speed	kn	ft/h
Velocity and Speed	m/s	ft/h
Velocity and Speed	Mach(a)	ft/h
Velocity and Speed	cm/min	ft/s
Velocity and Speed	ft/min	ft/s
Velocity and Speed	km/s	ft/min
Velocity and Speed	kn	ft/min
Velocity and Speed	m/s	ft/min
Velocity and Speed	Mach(a)	ft/min
Velocity and Speed	cm/min	km/h
Velocity and Speed	ft/min	km/h
Velocity and Speed	km/s	ft/s
Velocity and Speed	kn	ft/s
Velocity and Speed	m/s	ft/s
Velocity and Speed	Mach(a)	ft/s
Velocity and Speed	cm/min	km/s
Velocity and Speed	ft/min	km/s
Velocity and Speed	km/s	km/h
Velocity and Speed	kn	km/h
Velocity and Speed	m/s	km/h
Velocity and Speed	Mach(a)	km/h
Velocity and Speed	cm/min	knot
Velocity and Speed	ft/min	knot
Velocity and Speed	km/s	knot
Velocity and Speed	kn	km/s
Velocity and Speed	m/s	km/s
Velocity and Speed	Mach(a)	km/s
Velocity and Speed	cm/min	kt
Velocity and Speed	ft/min	kt
Velocity and Speed	km/s	kt
Velocity and Speed	kn	knot
Velocity and Speed	m/s	knot
Velocity and Speed	Mach(a)	knot
Velocity and Speed	cm/min	kn
Velocity and Speed	ft/min	kn
Velocity and Speed	km/s	kn
Velocity and Speed	kn	kt
Velocity and Speed	m/s	kt
Velocity and Speed	Mach(a)	kt
Velocity and Speed	cm/min	m/h
Velocity and Speed	ft/min	m/h
Velocity and Speed	km/s	m/h
Velocity and Speed	kn	m/h
Velocity and Speed	m/s	kn
Velocity and Speed	Mach(a)	kn
Velocity and Speed	cm/min	m/min
Velocity and Speed	ft/min	m/min
Velocity and Speed	km/s	m/min
Velocity and Speed	kn	m/min
Velocity and Speed	m/s	m/h
Velocity and Speed	Mach(a)	m/h
Velocity and Speed	cm/min	m/s
Velocity and Speed	ft/min	m/s
Velocity and Speed	km/s	m/s
Velocity and Speed	kn	m/s
Velocity and Speed	m/s	m/min
Velocity and Speed	Mach(a)	m/min
Velocity and Speed	cm/min	mph
Velocity and Speed	ft/min	mph
Velocity and Speed	km/s	mph
Velocity and Speed	kn	mph
Velocity and Speed	m/s	mph
Velocity and Speed	Mach(a)	m/s
Velocity and Speed	cm/min	c(v)
Velocity and Speed	ft/min	c(v)
Velocity and Speed	km/s	c(v)
Velocity and Speed	kn	c(v)
Velocity and Speed	m/s	c(v)
Velocity and Speed	Mach(a)	mph
Velocity and Speed	cm/min	Mach(a)
Velocity and Speed	ft/min	Mach(a)
Velocity and Speed	km/s	Mach(a)
Velocity and Speed	kn	Mach(a)
Velocity and Speed	m/s	Mach(a)
Velocity and Speed	Mach(a)	c(v)
Velocity and Speed	cm/min	Mach(w)
Velocity and Speed	ft/min	Mach(w)
Velocity and Speed	km/s	Mach(w)
Velocity and Speed	kn	Mach(w)
Velocity and Speed	m/s	Mach(w)
Velocity and Speed	Mach(a)	Mach(w)
Velocity and Speed	cm/s	cm/h
Velocity and Speed	ft/s	cm/h
Velocity and Speed	knot	cm/h
Velocity and Speed	m/h	cm/h
Velocity and Speed	mph	cm/h
Velocity and Speed	Mach(w)	cm/h
Velocity and Speed	cm/s	cm/min
Velocity and Speed	ft/s	cm/min
Velocity and Speed	knot	cm/min
Velocity and Speed	m/h	cm/min
Velocity and Speed	mph	cm/min
Velocity and Speed	Mach(w)	cm/min
Velocity and Speed	cm/s	ft/h
Velocity and Speed	ft/s	cm/s
Velocity and Speed	knot	cm/s
Velocity and Speed	m/h	cm/s
Velocity and Speed	mph	cm/s
Velocity and Speed	Mach(w)	cm/s
Velocity and Speed	cm/s	ft/min
Velocity and Speed	ft/s	ft/h
Velocity and Speed	knot	ft/h
Velocity and Speed	m/h	ft/h
Velocity and Speed	mph	ft/h
Velocity and Speed	Mach(w)	ft/h
Velocity and Speed	cm/s	ft/s
Velocity and Speed	ft/s	ft/min
Velocity and Speed	knot	ft/min
Velocity and Speed	m/h	ft/min
Velocity and Speed	mph	ft/min
Velocity and Speed	Mach(w)	ft/min
Velocity and Speed	cm/s	km/h
Velocity and Speed	ft/s	km/h
Velocity and Speed	knot	ft/s
Velocity and Speed	m/h	ft/s
Velocity and Speed	mph	ft/s
Velocity and Speed	Mach(w)	ft/s
Velocity and Speed	cm/s	km/s
Velocity and Speed	ft/s	km/s
Velocity and Speed	knot	km/h
Velocity and Speed	m/h	km/h
Velocity and Speed	mph	km/h
Velocity and Speed	Mach(w)	km/h
Velocity and Speed	cm/s	knot
Velocity and Speed	ft/s	knot
Velocity and Speed	knot	km/s
Velocity and Speed	m/h	km/s
Velocity and Speed	mph	km/s
Velocity and Speed	Mach(w)	km/s
Velocity and Speed	cm/s	kt
Velocity and Speed	ft/s	kt
Velocity and Speed	knot	kt
Velocity and Speed	m/h	knot
Velocity and Speed	mph	knot
Velocity and Speed	Mach(w)	knot
Velocity and Speed	cm/s	kn
Velocity and Speed	ft/s	kn
Velocity and Speed	knot	kn
Velocity and Speed	m/h	kt
Velocity and Speed	mph	kt
Velocity and Speed	Mach(w)	kt
Velocity and Speed	cm/s	m/h
Velocity and Speed	ft/s	m/h
Velocity and Speed	knot	m/h
Velocity and Speed	m/h	kn
Velocity and Speed	mph	kn
Velocity and Speed	Mach(w)	kn
Velocity and Speed	cm/s	m/min
Velocity and Speed	ft/s	m/min
Velocity and Speed	knot	m/min
Velocity and Speed	m/h	m/min
Velocity and Speed	mph	m/h
Velocity and Speed	Mach(w)	m/h
Velocity and Speed	cm/s	m/s
Velocity and Speed	ft/s	m/s
Velocity and Speed	knot	m/s
Velocity and Speed	m/h	m/s
Velocity and Speed	mph	m/min
Velocity and Speed	Mach(w)	m/min
Velocity and Speed	cm/s	mph
Velocity and Speed	ft/s	mph
Velocity and Speed	knot	mph
Velocity and Speed	m/h	mph
Velocity and Speed	mph	m/s
Velocity and Speed	Mach(w)	m/s
Velocity and Speed	cm/s	c(v)
Velocity and Speed	ft/s	c(v)
Velocity and Speed	knot	c(v)
Velocity and Speed	m/h	c(v)
Velocity and Speed	mph	c(v)
Velocity and Speed	Mach(w)	mph
Velocity and Speed	cm/s	Mach(a)
Velocity and Speed	ft/s	Mach(a)
Velocity and Speed	knot	Mach(a)
Velocity and Speed	m/h	Mach(a)
Velocity and Speed	mph	Mach(a)
Velocity and Speed	Mach(w)	c(v)
Velocity and Speed	cm/s	Mach(w)
Velocity and Speed	ft/s	Mach(w)
Velocity and Speed	knot	Mach(w)
Velocity and Speed	m/h	Mach(w)
Velocity and Speed	mph	Mach(w)
Velocity and Speed	Mach(w)	Mach(a)
Volume	cl	ft^3
Volume	m^3	cl
Volume	dl	cl
Volume	tbsp.	cl
Volume	ukfloz	cl
Volume	ukqt	cl
Volume	cup	cl
Volume	gal	cl
Volume	ustbspn	cl
Volume	cl	in^3
Volume	m^3	ft^3
Volume	dl	ft^3
Volume	tbsp.	ft^3
Volume	ukfloz	ft^3
Volume	ukqt	ft^3
Volume	cup	ft^3
Volume	gal	ft^3
Volume	ustbspn	ft^3
Volume	cl	m^3
Volume	m^3	in^3
Volume	dl	in^3
Volume	tbsp.	in^3
Volume	ukfloz	in^3
Volume	ukqt	in^3
Volume	cup	in^3
Volume	gal	in^3
Volume	ustbspn	in^3
Volume	cl	mm^3
Volume	m^3	mm^3
Volume	dl	m^3
Volume	tbsp.	m^3
Volume	ukfloz	m^3
Volume	ukqt	m^3
Volume	cup	m^3
Volume	gal	m^3
Volume	ustbspn	m^3
Volume	cl	yd^3
Volume	m^3	yd^3
Volume	dl	mm^3
Volume	tbsp.	mm^3
Volume	ukfloz	mm^3
Volume	ukqt	mm^3
Volume	cup	mm^3
Volume	gal	mm^3
Volume	ustbspn	mm^3
Volume	cl	dl
Volume	m^3	dl
Volume	dl	yd^3
Volume	tbsp.	yd^3
Volume	ukfloz	yd^3
Volume	ukqt	yd^3
Volume	cup	yd^3
Volume	gal	yd^3
Volume	ustbspn	yd^3
Volume	cl	l(dm^3)
Volume	m^3	l(dm^3)
Volume	dl	l(dm^3)
Volume	tbsp.	dl
Volume	ukfloz	dl
Volume	ukqt	dl
Volume	cup	dl
Volume	gal	dl
Volume	ustbspn	dl
Volume	cl	ml(cm^3)
Volume	m^3	ml(cm^3)
Volume	dl	ml(cm^3)
Volume	tbsp.	l(dm^3)
Volume	ukfloz	l(dm^3)
Volume	ukqt	l(dm^3)
Volume	cup	l(dm^3)
Volume	gal	l(dm^3)
Volume	ustbspn	l(dm^3)
Volume	cl	tbsp.
Volume	m^3	tbsp.
Volume	dl	tbsp.
Volume	tbsp.	ml(cm^3)
Volume	ukfloz	ml(cm^3)
Volume	ukqt	ml(cm^3)
Volume	cup	ml(cm^3)
Volume	gal	ml(cm^3)
Volume	ustbspn	ml(cm^3)
Volume	cl	tsp.
Volume	m^3	tsp.
Volume	dl	tsp.
Volume	tbsp.	tsp.
Volume	ukfloz	tbsp.
Volume	ukqt	tbsp.
Volume	cup	tbsp.
Volume	gal	tbsp.
Volume	ustbspn	tbsp.
Volume	cl	ukbarrel
Volume	m^3	ukbarrel
Volume	dl	ukbarrel
Volume	tbsp.	ukbarrel
Volume	ukfloz	tsp.
Volume	ukqt	tsp.
Volume	cup	tsp.
Volume	gal	tsp.
Volume	ustbspn	tsp.
Volume	cl	ukfloz
Volume	m^3	ukfloz
Volume	dl	ukfloz
Volume	tbsp.	ukfloz
Volume	ukfloz	ukbarrel
Volume	ukqt	ukbarrel
Volume	cup	ukbarrel
Volume	gal	ukbarrel
Volume	ustbspn	ukbarrel
Volume	cl	ukgal
Volume	m^3	ukgal
Volume	dl	ukgal
Volume	tbsp.	ukgal
Volume	ukfloz	ukgal
Volume	ukqt	ukfloz
Volume	cup	ukfloz
Volume	gal	ukfloz
Volume	ustbspn	ukfloz
Volume	cl	ukpint
Volume	m^3	ukpint
Volume	dl	ukpint
Volume	tbsp.	ukpint
Volume	ukfloz	ukpint
Volume	ukqt	ukgal
Volume	cup	ukgal
Volume	gal	ukgal
Volume	ustbspn	ukgal
Volume	cl	ukqt
Volume	m^3	ukqt
Volume	dl	ukqt
Volume	tbsp.	ukqt
Volume	ukfloz	ukqt
Volume	ukqt	ukpint
Volume	cup	ukpint
Volume	gal	ukpint
Volume	ustbspn	ukpint
Volume	cl	barrel
Volume	m^3	barrel
Volume	dl	barrel
Volume	tbsp.	barrel
Volume	ukfloz	barrel
Volume	ukqt	barrel
Volume	cup	ukqt
Volume	gal	ukqt
Volume	ustbspn	ukqt
Volume	cl	bushel
Volume	m^3	bushel
Volume	dl	bushel
Volume	tbsp.	bushel
Volume	ukfloz	bushel
Volume	ukqt	bushel
Volume	cup	barrel
Volume	gal	barrel
Volume	ustbspn	barrel
Volume	cl	cup
Volume	m^3	cup
Volume	dl	cup
Volume	tbsp.	cup
Volume	ukfloz	cup
Volume	ukqt	cup
Volume	cup	bushel
Volume	gal	bushel
Volume	ustbspn	bushel
Volume	cl	drygal
Volume	m^3	drygal
Volume	dl	drygal
Volume	tbsp.	drygal
Volume	ukfloz	drygal
Volume	ukqt	drygal
Volume	cup	drygal
Volume	gal	cup
Volume	ustbspn	cup
Volume	cl	fl oz
Volume	m^3	fl oz
Volume	dl	fl oz
Volume	tbsp.	fl oz
Volume	ukfloz	fl oz
Volume	ukqt	fl oz
Volume	cup	fl oz
Volume	gal	drygal
Volume	ustbspn	drygal
Volume	cl	gal
Volume	m^3	gal
Volume	dl	gal
Volume	tbsp.	gal
Volume	ukfloz	gal
Volume	ukqt	gal
Volume	cup	gal
Volume	gal	fl oz
Volume	ustbspn	fl oz
Volume	cl	pint
Volume	m^3	pint
Volume	dl	pint
Volume	tbsp.	pint
Volume	ukfloz	pint
Volume	ukqt	pint
Volume	cup	pint
Volume	gal	pint
Volume	ustbspn	gal
Volume	cl	quart
Volume	m^3	quart
Volume	dl	quart
Volume	tbsp.	quart
Volume	ukfloz	quart
Volume	ukqt	quart
Volume	cup	quart
Volume	gal	quart
Volume	ustbspn	pint
Volume	cl	ustbspn
Volume	m^3	ustbspn
Volume	dl	ustbspn
Volume	tbsp.	ustbspn
Volume	ukfloz	ustbspn
Volume	ukqt	ustbspn
Volume	cup	ustbspn
Volume	gal	ustbspn
Volume	ustbspn	quart
Volume	cl	ustsspn
Volume	m^3	ustsspn
Volume	dl	ustsspn
Volume	tbsp.	ustsspn
Volume	ukfloz	ustsspn
Volume	ukqt	ustsspn
Volume	cup	ustsspn
Volume	gal	ustsspn
Volume	ustbspn	ustsspn
Volume	ft^3	cl
Volume	mm^3	cl
Volume	l(dm^3)	cl
Volume	tsp.	cl
Volume	ukgal	cl
Volume	barrel	cl
Volume	drygal	cl
Volume	pint	cl
Volume	ustsspn	cl
Volume	ft^3	in^3
Volume	mm^3	ft^3
Volume	l(dm^3)	ft^3
Volume	tsp.	ft^3
Volume	ukgal	ft^3
Volume	barrel	ft^3
Volume	drygal	ft^3
Volume	pint	ft^3
Volume	ustsspn	ft^3
Volume	ft^3	m^3
Volume	mm^3	in^3
Volume	l(dm^3)	in^3
Volume	tsp.	in^3
Volume	ukgal	in^3
Volume	barrel	in^3
Volume	drygal	in^3
Volume	pint	in^3
Volume	ustsspn	in^3
Volume	ft^3	mm^3
Volume	mm^3	m^3
Volume	l(dm^3)	m^3
Volume	tsp.	m^3
Volume	ukgal	m^3
Volume	barrel	m^3
Volume	drygal	m^3
Volume	pint	m^3
Volume	ustsspn	m^3
Volume	ft^3	yd^3
Volume	mm^3	yd^3
Volume	l(dm^3)	mm^3
Volume	tsp.	mm^3
Volume	ukgal	mm^3
Volume	barrel	mm^3
Volume	drygal	mm^3
Volume	pint	mm^3
Volume	ustsspn	mm^3
Volume	ft^3	dl
Volume	mm^3	dl
Volume	l(dm^3)	yd^3
Volume	tsp.	yd^3
Volume	ukgal	yd^3
Volume	barrel	yd^3
Volume	drygal	yd^3
Volume	pint	yd^3
Volume	ustsspn	yd^3
Volume	ft^3	l(dm^3)
Volume	mm^3	l(dm^3)
Volume	l(dm^3)	dl
Volume	tsp.	dl
Volume	ukgal	dl
Volume	barrel	dl
Volume	drygal	dl
Volume	pint	dl
Volume	ustsspn	dl
Volume	ft^3	ml(cm^3)
Volume	mm^3	ml(cm^3)
Volume	l(dm^3)	ml(cm^3)
Volume	tsp.	l(dm^3)
Volume	ukgal	l(dm^3)
Volume	barrel	l(dm^3)
Volume	drygal	l(dm^3)
Volume	pint	l(dm^3)
Volume	ustsspn	l(dm^3)
Volume	ft^3	tbsp.
Volume	mm^3	tbsp.
Volume	l(dm^3)	tbsp.
Volume	tsp.	ml(cm^3)
Volume	ukgal	ml(cm^3)
Volume	barrel	ml(cm^3)
Volume	drygal	ml(cm^3)
Volume	pint	ml(cm^3)
Volume	ustsspn	ml(cm^3)
Volume	ft^3	tsp.
Volume	mm^3	tsp.
Volume	l(dm^3)	tsp.
Volume	tsp.	tbsp.
Volume	ukgal	tbsp.
Volume	barrel	tbsp.
Volume	drygal	tbsp.
Volume	pint	tbsp.
Volume	ustsspn	tbsp.
Volume	ft^3	ukbarrel
Volume	mm^3	ukbarrel
Volume	l(dm^3)	ukbarrel
Volume	tsp.	ukbarrel
Volume	ukgal	tsp.
Volume	barrel	tsp.
Volume	drygal	tsp.
Volume	pint	tsp.
Volume	ustsspn	tsp.
Volume	ft^3	ukfloz
Volume	mm^3	ukfloz
Volume	l(dm^3)	ukfloz
Volume	tsp.	ukfloz
Volume	ukgal	ukbarrel
Volume	barrel	ukbarrel
Volume	drygal	ukbarrel
Volume	pint	ukbarrel
Volume	ustsspn	ukbarrel
Volume	ft^3	ukgal
Volume	mm^3	ukgal
Volume	l(dm^3)	ukgal
Volume	tsp.	ukgal
Volume	ukgal	ukfloz
Volume	barrel	ukfloz
Volume	drygal	ukfloz
Volume	pint	ukfloz
Volume	ustsspn	ukfloz
Volume	ft^3	ukpint
Volume	mm^3	ukpint
Volume	l(dm^3)	ukpint
Volume	tsp.	ukpint
Volume	ukgal	ukpint
Volume	barrel	ukgal
Volume	drygal	ukgal
Volume	pint	ukgal
Volume	ustsspn	ukgal
Volume	ft^3	ukqt
Volume	mm^3	ukqt
Volume	l(dm^3)	ukqt
Volume	tsp.	ukqt
Volume	ukgal	ukqt
Volume	barrel	ukpint
Volume	drygal	ukpint
Volume	pint	ukpint
Volume	ustsspn	ukpint
Volume	ft^3	barrel
Volume	mm^3	barrel
Volume	l(dm^3)	barrel
Volume	tsp.	barrel
Volume	ukgal	barrel
Volume	barrel	ukqt
Volume	drygal	ukqt
Volume	pint	ukqt
Volume	ustsspn	ukqt
Volume	ft^3	bushel
Volume	mm^3	bushel
Volume	l(dm^3)	bushel
Volume	tsp.	bushel
Volume	ukgal	bushel
Volume	barrel	bushel
Volume	drygal	barrel
Volume	pint	barrel
Volume	ustsspn	barrel
Volume	ft^3	cup
Volume	mm^3	cup
Volume	l(dm^3)	cup
Volume	tsp.	cup
Volume	ukgal	cup
Volume	barrel	cup
Volume	drygal	bushel
Volume	pint	bushel
Volume	ustsspn	bushel
Volume	ft^3	drygal
Volume	mm^3	drygal
Volume	l(dm^3)	drygal
Volume	tsp.	drygal
Volume	ukgal	drygal
Volume	barrel	drygal
Volume	drygal	cup
Volume	pint	cup
Volume	ustsspn	cup
Volume	ft^3	fl oz
Volume	mm^3	fl oz
Volume	l(dm^3)	fl oz
Volume	tsp.	fl oz
Volume	ukgal	fl oz
Volume	barrel	fl oz
Volume	drygal	fl oz
Volume	pint	drygal
Volume	ustsspn	drygal
Volume	ft^3	gal
Volume	mm^3	gal
Volume	l(dm^3)	gal
Volume	tsp.	gal
Volume	ukgal	gal
Volume	barrel	gal
Volume	drygal	gal
Volume	pint	fl oz
Volume	ustsspn	fl oz
Volume	ft^3	pint
Volume	mm^3	pint
Volume	l(dm^3)	pint
Volume	tsp.	pint
Volume	ukgal	pint
Volume	barrel	pint
Volume	drygal	pint
Volume	pint	gal
Volume	ustsspn	gal
Volume	ft^3	quart
Volume	mm^3	quart
Volume	l(dm^3)	quart
Volume	tsp.	quart
Volume	ukgal	quart
Volume	barrel	quart
Volume	drygal	quart
Volume	pint	quart
Volume	ustsspn	pint
Volume	ft^3	ustbspn
Volume	mm^3	ustbspn
Volume	l(dm^3)	ustbspn
Volume	tsp.	ustbspn
Volume	ukgal	ustbspn
Volume	barrel	ustbspn
Volume	drygal	ustbspn
Volume	pint	ustbspn
Volume	ustsspn	quart
Volume	ft^3	ustsspn
Volume	mm^3	ustsspn
Volume	l(dm^3)	ustsspn
Volume	tsp.	ustsspn
Volume	ukgal	ustsspn
Volume	barrel	ustsspn
Volume	drygal	ustsspn
Volume	pint	ustsspn
Volume	ustsspn	ustbspn
Volume	in^3	cl
Volume	yd^3	cl
Volume	ml(cm^3)	cl
Volume	ukbarrel	cl
Volume	ukpint	cl
Volume	bushel	cl
Volume	fl oz	cl
Volume	quart	cl
Volume	in^3	ft^3
Volume	yd^3	ft^3
Volume	ml(cm^3)	ft^3
Volume	ukbarrel	ft^3
Volume	ukpint	ft^3
Volume	bushel	ft^3
Volume	fl oz	ft^3
Volume	quart	ft^3
Volume	in^3	m^3
Volume	yd^3	in^3
Volume	ml(cm^3)	in^3
Volume	ukbarrel	in^3
Volume	ukpint	in^3
Volume	bushel	in^3
Volume	fl oz	in^3
Volume	quart	in^3
Volume	in^3	mm^3
Volume	yd^3	m^3
Volume	ml(cm^3)	m^3
Volume	ukbarrel	m^3
Volume	ukpint	m^3
Volume	bushel	m^3
Volume	fl oz	m^3
Volume	quart	m^3
Volume	in^3	yd^3
Volume	yd^3	mm^3
Volume	ml(cm^3)	mm^3
Volume	ukbarrel	mm^3
Volume	ukpint	mm^3
Volume	bushel	mm^3
Volume	fl oz	mm^3
Volume	quart	mm^3
Volume	in^3	dl
Volume	yd^3	dl
Volume	ml(cm^3)	yd^3
Volume	ukbarrel	yd^3
Volume	ukpint	yd^3
Volume	bushel	yd^3
Volume	fl oz	yd^3
Volume	quart	yd^3
Volume	in^3	l(dm^3)
Volume	yd^3	l(dm^3)
Volume	ml(cm^3)	dl
Volume	ukbarrel	dl
Volume	ukpint	dl
Volume	bushel	dl
Volume	fl oz	dl
Volume	quart	dl
Volume	in^3	ml(cm^3)
Volume	yd^3	ml(cm^3)
Volume	ml(cm^3)	l(dm^3)
Volume	ukbarrel	l(dm^3)
Volume	ukpint	l(dm^3)
Volume	bushel	l(dm^3)
Volume	fl oz	l(dm^3)
Volume	quart	l(dm^3)
Volume	in^3	tbsp.
Volume	yd^3	tbsp.
Volume	ml(cm^3)	tbsp.
Volume	ukbarrel	ml(cm^3)
Volume	ukpint	ml(cm^3)
Volume	bushel	ml(cm^3)
Volume	fl oz	ml(cm^3)
Volume	quart	ml(cm^3)
Volume	in^3	tsp.
Volume	yd^3	tsp.
Volume	ml(cm^3)	tsp.
Volume	ukbarrel	tbsp.
Volume	ukpint	tbsp.
Volume	bushel	tbsp.
Volume	fl oz	tbsp.
Volume	quart	tbsp.
Volume	in^3	ukbarrel
Volume	yd^3	ukbarrel
Volume	ml(cm^3)	ukbarrel
Volume	ukbarrel	tsp.
Volume	ukpint	tsp.
Volume	bushel	tsp.
Volume	fl oz	tsp.
Volume	quart	tsp.
Volume	in^3	ukfloz
Volume	yd^3	ukfloz
Volume	ml(cm^3)	ukfloz
Volume	ukbarrel	ukfloz
Volume	ukpint	ukbarrel
Volume	bushel	ukbarrel
Volume	fl oz	ukbarrel
Volume	quart	ukbarrel
Volume	in^3	ukgal
Volume	yd^3	ukgal
Volume	ml(cm^3)	ukgal
Volume	ukbarrel	ukgal
Volume	ukpint	ukfloz
Volume	bushel	ukfloz
Volume	fl oz	ukfloz
Volume	quart	ukfloz
Volume	in^3	ukpint
Volume	yd^3	ukpint
Volume	ml(cm^3)	ukpint
Volume	ukbarrel	ukpint
Volume	ukpint	ukgal
Volume	bushel	ukgal
Volume	fl oz	ukgal
Volume	quart	ukgal
Volume	in^3	ukqt
Volume	yd^3	ukqt
Volume	ml(cm^3)	ukqt
Volume	ukbarrel	ukqt
Volume	ukpint	ukqt
Volume	bushel	ukpint
Volume	fl oz	ukpint
Volume	quart	ukpint
Volume	in^3	barrel
Volume	yd^3	barrel
Volume	ml(cm^3)	barrel
Volume	ukbarrel	barrel
Volume	ukpint	barrel
Volume	bushel	ukqt
Volume	fl oz	ukqt
Volume	quart	ukqt
Volume	in^3	bushel
Volume	yd^3	bushel
Volume	ml(cm^3)	bushel
Volume	ukbarrel	bushel
Volume	ukpint	bushel
Volume	bushel	barrel
Volume	fl oz	barrel
Volume	quart	barrel
Volume	in^3	cup
Volume	yd^3	cup
Volume	ml(cm^3)	cup
Volume	ukbarrel	cup
Volume	ukpint	cup
Volume	bushel	cup
Volume	fl oz	bushel
Volume	quart	bushel
Volume	in^3	drygal
Volume	yd^3	drygal
Volume	ml(cm^3)	drygal
Volume	ukbarrel	drygal
Volume	ukpint	drygal
Volume	bushel	drygal
Volume	fl oz	cup
Volume	quart	cup
Volume	in^3	fl oz
Volume	yd^3	fl oz
Volume	ml(cm^3)	fl oz
Volume	ukbarrel	fl oz
Volume	ukpint	fl oz
Volume	bushel	fl oz
Volume	fl oz	drygal
Volume	quart	drygal
Volume	in^3	gal
Volume	yd^3	gal
Volume	ml(cm^3)	gal
Volume	ukbarrel	gal
Volume	ukpint	gal
Volume	bushel	gal
Volume	fl oz	gal
Volume	quart	fl oz
Volume	in^3	pint
Volume	yd^3	pint
Volume	ml(cm^3)	pint
Volume	ukbarrel	pint
Volume	ukpint	pint
Volume	bushel	pint
Volume	fl oz	pint
Volume	quart	gal
Volume	in^3	quart
Volume	yd^3	quart
Volume	ml(cm^3)	quart
Volume	ukbarrel	quart
Volume	ukpint	quart
Volume	bushel	quart
Volume	fl oz	quart
Volume	quart	pint
Volume	in^3	ustbspn
Volume	yd^3	ustbspn
Volume	ml(cm^3)	ustbspn
Volume	ukbarrel	ustbspn
Volume	ukpint	ustbspn
Volume	bushel	ustbspn
Volume	fl oz	ustbspn
Volume	quart	ustbspn
Volume	in^3	ustsspn
Volume	yd^3	ustsspn
Volume	ml(cm^3)	ustsspn
Volume	ukbarrel	ustsspn
Volume	ukpint	ustsspn
Volume	bushel	ustsspn
Volume	fl oz	ustsspn
Volume	quart	ustsspn